Company,Info,Round 1,Round 2,Round 3,Round 4,Round 5,Round 6,
Mphasis,"Mphasis offers a range of services, including application development, infrastructure services, business process outsourcing, and consulting. They work with clients in the financial services, telecom, logistics, and technology industries. Mphasis is headquartered in Bengaluru, India. They also operate in the US, the UK, Germany, Belgium, and France.  Mphasis was incorporated on August 10, 1992. In 2016, Hewlett Packard Enterprise sold the majority of its stake in Mphasis to Blackstone Group LP. ",Aptitude and logical reasoning assessment: This round may be a HackerRank test that includes questions on English and logical thinking,"Group discussion: In this round, a random topic is given for discussion","Technical round: This round may include questions on basics like method overloading, string concepts, file handling, and basics of HTML and CSS.","One-on-one round: This round may include questions on client handling related queries, handling priority tasks, and handling a team.",,,Voice Versant Test: This test may judge your English speaking skills
Hexaware,"Hexaware Technologies is a global IT and business process outsourcing (BPO) services company founded in 1990 by Atul K. Mehta. Headquartered in Navi Mumbai, India, Hexaware specializes in providing IT solutions across various industries, including banking, financial services, healthcare, and retail. The company offers services such as cloud computing, digital transformation, application development, testing, and business process outsourcing. Hexaware is known for its expertise in automation, artificial intelligence, and machine learning, helping organizations improve operational efficiency and enhance customer experience. The company has a strong global presence, with offices in over 20 countries.","Written test: This test assesses the applicant's aptitude, communication, and logical skills. The test may include questions from computer science, English, logic, and aptitude.","Technical interview: This interview tests the applicant's theoretical knowledge. The interview may include questions about DBMS, OOPS, programming languages, operating systems, and computer networking.",HR interview: This interview assesses the applicant's mental performance and ability to handle critical situations. The interview may include basic HR-related questions.,,,,
TCS,"Tata Consultancy Services (TCS) is a global IT services and consulting company founded in 1968 by Faquir Chand Kohli as part of the Tata Group, with its headquarters located in Mumbai, India. TCS offers a wide range of services including IT consulting, software development, business solutions, and outsourcing to industries such as banking, finance, healthcare, retail, and telecommunications. As one of the largest IT services companies in the world, TCS is known for its expertise in digital transformation, cloud services, AI, and machine learning. TCS has a strong global presence, serving clients in over 46 countries and employing hundreds of thousands of professionals. The company's commitment to innovation and quality has made it a leader in the IT sector.",Aptitude test: A 90-minute test that includes sections on quantitative aptitude and programming language efficiency,"Technical interview: A face-to-face round that assesses your knowledge of data structures, algorithms, database management systems, operating systems, networking, and object-oriented programming. You might be asked to write code on paper.","Managerial interview: This round tests your problem-solving approach, teamwork, and ability to handle real-world scenarios. You might be asked general technical and HR questions, or your interviewer might try to gauge your reactions.","HR interview: This round asks questions about your work experience, education, hobbies, and family background. You might also be asked about your strengths and weaknesses, reasons for applying to the company, and why you should be hired.",,,
Cognizant,"Cognizant Technology Solutions is a multinational IT services and consulting company founded in 1994 by Kumar Mahadeva and Francisco D'Souza, with its headquarters located in Teaneck, New Jersey, USA. Initially started as a division of Dun & Bradstreet, Cognizant became an independent company focused on providing IT services, consulting, and outsourcing solutions to various industries, including healthcare, finance, retail, and manufacturing. The company offers services in areas such as digital transformation, cloud computing, AI, data analytics, and automation. Cognizant is known for its commitment to innovation and delivering high-quality solutions, and it has established a strong global presence, employing hundreds of thousands of professionals worldwide.","Communication assessment: This round may include reading and grammar, and comprehension and listening sections.",Aptitude and technical assessment: This round may include an online coding test and a technical round.,"Technical interview: This round may be in-person and may include technical questions about data structures, algorithms, and core subjects.",HR round: This round may include conventional HR questions.,,,
IBM,"IBM (International Business Machines Corporation) is a multinational technology company founded in 1911 by Charles Ranlett Flint as the Computing-Tabulating-Recording Company (CTR) and later renamed to IBM in 1924. Headquartered in Armonk, New York, IBM is one of the oldest and largest technology companies globally. The company is known for its innovations in hardware, software, and consulting services. It has been a leader in areas such as mainframe computing, artificial intelligence (AI), cloud computing, quantum computing, and blockchain technology. IBM is particularly recognized for its development of Watson, an AI platform, and its contributions to enterprise-level technology solutions. Over the years, IBM has transformed into a hybrid cloud and AI-focused business, with a strong presence in various industries, including finance, healthcare, and government.","Online assessment:  A written aptitude test with questions on topics like number series, quant, English language, and grammar A cognitive ability test An English assessment test that's a text-based multiple-choice assessment","Technical interview rounds: This interview tests the applicant's theoretical knowledge. The interview may include questions about DBMS, OOPS, programming languages, operating systems, and computer networking.",HR interview: This interview assesses the applicant's mental performance and ability to handle critical situations. The interview may include basic HR-related questions.,,,,
Capgemini,"Capgemini is a global leader in consulting, technology services, and digital transformation, founded in 1967 by Serge Kampf in Paris, France. The company offers a broad range of services, including IT consulting, cloud solutions, data analytics, artificial intelligence, and cybersecurity, serving industries like financial services, manufacturing, retail, and telecommunications. Capgemini helps businesses navigate their digital transformation by providing innovative and technology-driven solutions that improve efficiency, agility, and customer experience. The company has a strong global presence, with operations in over 50 countries, employing hundreds of thousands of professionals. Capgemini is known for its commitment to sustainable development and is a major player in the IT and consulting sectors.",Online assessment: A written exam that may be required for freshers,Coding assessment: A test that evaluates a candidate's technical knowledge,Online communication test: A test that evaluates a candidate's communication abilities,Behavioral interviews: An interview that evaluates a candidate's behavioral skills,Technical interviews: An interview that evaluates a candidate's technical skills,HR interview: An interview with HR that may involve salary negotiations,
Wipro,"Wipro Limited is a global information technology, consulting, and business process services company, founded in 1945 by M.H. Hasham Premji in Mumbai, India. Originally established as a vegetable oil manufacturer, Wipro diversified into the IT industry in the 1980s under the leadership of Azim Premji, transforming into one of India's largest IT services companies. Wipro offers a wide range of services, including IT consulting, cloud solutions, digital transformation, data analytics, and cybersecurity, serving industries such as banking, healthcare, retail, and manufacturing. With a strong global presence, Wipro operates in over 50 countries and is known for its innovation, commitment to sustainability, and focus on leveraging cutting-edge technologies like artificial intelligence and automation to deliver value to its clients.","Online assessment: The first step in the process, this round includes an aptitude test, coding, and essay writing: Aptitude test: Includes sections on quantitative skills, logical reasoning, and communication ability Coding: For technical candidates, this round typically includes 2-3 easy coding questions Essay writing: Candidates may be asked to write an essay on any topic or event","Technical interview: Candidates who pass the online assessment are invited to this round, which can be face-to-face or via video call. Interviewers ask questions related to the candidate's job profile.",HR interview: This round assesses whether the candidate is a good fit for the organization.,,,,
HCL,"HCL Technologies is a multinational IT services and consulting company founded in 1976 by Shiv Nadar in Noida, India. Initially, HCL started as a hardware company but later shifted its focus to software services and IT solutions, becoming one of India's leading technology firms. The company offers a wide range of services, including IT consulting, enterprise solutions, cloud computing, cybersecurity, and digital transformation. HCL serves industries such as aerospace, automotive, banking, financial services, and healthcare. With a global presence in over 40 countries, HCL is recognized for its innovation in technologies like artificial intelligence, automation, and blockchain. The company's commitment to delivering cutting-edge solutions has established it as a key player in the global IT services market.","Aptitude assessment: This round includes questions about logical reasoning, mathematics, verbal skills, and technical grasp. The HCL CAT is an aptitude test that evaluates a candidate's analytical, quantitative, logical, verbal, and technical skills.",Group discussion: This round assesses a candidate's presence of mind and confidence level. Topics are usually on general or social topics of national importance.,Technical interview: This round assesses a candidate's technical skills.,HR round: This round is an interview with the human resources department.,,,
Infosys,"Infosys is a multinational technology company founded in 1981 by N. R. Narayana Murthy and six other engineers in Pune, India. Headquartered in Bengaluru, India, Infosys is a global leader in IT consulting, software development, and business process outsourcing. The company provides a wide range of services, including cloud computing, artificial intelligence, machine learning, digital transformation, and cybersecurity, across industries such as finance, healthcare, manufacturing, and retail. Infosys is known for its strong focus on innovation, client-centric solutions, and its commitment to sustainability. It has a significant global presence, with operations in over 50 countries, and is recognized as one of India's largest IT services companies.","Online aptitude test: The first round, which candidates must pass to be eligible for the next rounds","Technical interview: Focuses on core skills, such as: Algorithms and data structures At least one programming language OOPS, DBMS, CN, and OS Coding and problem-solving Puzzles and aptitude-based questions Emerging technologies","Managerial round: Assesses leadership, problem-solving abilities, and cultural fit","HR interview: The final step, which assesses overall personality and suitability for the role",,,
ZOHO,"Zoho Corporation is a multinational software company founded in 1996 by Sridhar Vembu and Tony Thomas, with its headquarters located in Chennai, India. Initially starting as a provider of IT solutions and cloud-based software, Zoho has grown to become a leading developer of software products for businesses, including tools for customer relationship management (CRM), project management, finance, HR, and collaboration. Zoho's suite of over 45 integrated applications is widely used by businesses of all sizes to streamline their operations and improve productivity. The company is known for its strong emphasis on innovation, data privacy, and user-centric solutions. Zoho has a global presence with offices in various countries, and it is recognized for offering affordable and scalable software solutions, especially for small and medium-sized enterprises (SMEs).",Written test: A 90-minute test with multiple choice questions (MCQs) on general aptitude and programming aptitude. Freshers are required to take an aptitude test.,Basic programming: A one-on-one test where candidates are given questions in chat. Candidates should have a good understanding of data structures and algorithms.,Advanced programming: A round with one or two questions that test critical thinking skills. Candidates should know data structures and algorithms.,Design round: An optional round for freshers where candidates are asked to design a system.,"Technical HR: A round with technical questions based on data structures, Java, and logical apps. The number of technical HR rounds may vary depending on the candidate's performance in the previous HR rounds.","General HR: A round with HR questions about the candidate's background, skills, and hobbies.",
Mindtree,"Mindtree is a global technology consulting and services company founded in 1999 by a group of IT professionals, including Subroto Bagchi and others, with its headquarters in Bangalore, India. Mindtree offers a wide range of services, including IT consulting, digital transformation, cloud computing, data analytics, artificial intelligence, and enterprise resource planning (ERP) solutions. The company serves various industries, including banking, financial services, retail, manufacturing, and healthcare. Known for its agile approach and innovative solutions, Mindtree focuses on delivering customer-centric services that drive business growth. In 2019, Mindtree became a part of the Larsen & Toubro (L&T) Group, which further strengthened its capabilities and global reach. Mindtree operates in over 20 countries and is recognized for its strong commitment to sustainability and corporate social responsibility.","Written test: An online test that may include aptitude, logical reasoning, verbal ability, and coding sections",Technical interview: A technical interview round,HR interview: An HR interview round,,,,
Renault Nissan,"Renault-Nissan-Mitsubishi Alliance is a strategic partnership between three global automotive manufacturers: Renault (France), Nissan (Japan), and Mitsubishi Motors (Japan). The alliance was formed in 1999, primarily driven by the vision of Carlos Ghosn, who was instrumental in creating a cooperative framework for the three companies to share resources, technologies, and costs while maintaining their individual identities. The collaboration focuses on mutual benefits such as research and development, vehicle production, and purchasing. The Alliance has enabled the companies to create a wide range of innovative vehicles, from electric cars like the Nissan Leaf to cutting-edge autonomous driving technologies. Today, the Renault-Nissan-Mitsubishi Alliance operates in more than 200 countries, making it one of the largest automotive groups in the world.","Online test: A 60-minute test with 50 questions on topics like computer fundamentals, Java, C++, and aptitude","Technical HR: A 50-minute round that covers topics like projects, SQL, DBMS, Java, and DSA","General HR: A 20-minute round that covers topics like project communication, strengths/weaknesses, goals, and confidence",,,,
Virtusa,"Virtusa Corporation is a global IT services and consulting company founded in 1996 by Dr. Kris Canekeratne and others, with its headquarters located in Southborough, Massachusetts, USA. Virtusa provides a range of services, including IT consulting, digital transformation, software engineering, cloud computing, artificial intelligence, data analytics, and enterprise solutions. The company serves various industries, including banking, financial services, healthcare, telecommunications, and retail. Virtusa is known for its expertise in helping organizations accelerate their digital journey by delivering innovative and efficient solutions. With a global presence in over 25 countries, Virtusa is recognized for its focus on quality, customer satisfaction, and fostering long-term client relationships.","Online assessment: This round includes an aptitude section, web and technical section, verbal ability and communication, and two coding rounds. The time limit for this round is usually three hours.","Technical interview: This round is usually a one-to-one interview that assesses the candidate's technical knowledge and proficiency in areas like programming languages, database technologies, and software development methodologies.","Group discussion: This round can sometimes be skipped. In this round, a team of 10 members is given a topic to discuss for at least five minutes.",HR interview: This round focuses on behavioral and personality traits to determine if the candidate is compatible with the organization's culture and values.,,,
ATOS,"Atos is a multinational IT services and consulting company founded in 1997 and headquartered in Bezons, France. The company offers a wide range of services including IT consulting, cloud computing, digital transformation, cybersecurity, data analytics, and managed services. Atos serves industries such as financial services, healthcare, manufacturing, and public sector organizations. The company is known for its expertise in providing end-to-end digital solutions, helping businesses enhance efficiency, innovation, and customer experience. Atos is a leader in sustainable digital transformation, with a strong focus on delivering solutions that support energy efficiency and environmental sustainability. It has a global presence, with operations in over 70 countries, and is recognized as one of the major players in the IT services sector.","Aptitude test: This round may include verbal, non-verbal, technical, and general aptitude questions.","Coding test: This round may include questions on the basics of Python, strings, and loops",Technical round: This round may include questions on technologies mentioned in the candidate CV.,Public speaking: This round may include a topic for the candidate to speak on for 4–5 minutes.,HR round: This round may include a single question.,,
Birlasoft,"Birlasoft is a global IT services and consulting company, founded in 1995 and headquartered in Noida, India. It is a part of the CK Birla Group, a leading conglomerate in India. Birlasoft provides a wide range of services including IT consulting, software development, cloud solutions, digital transformation, data analytics, and enterprise resource planning (ERP) solutions. The company serves a variety of industries, including manufacturing, banking, financial services, healthcare, and retail. Birlasoft is known for its expertise in delivering innovative solutions that help businesses enhance efficiency and drive growth. With a global presence in North America, Europe, and Asia, Birlasoft focuses on leveraging emerging technologies like AI, machine learning, and automation to meet the evolving needs of its clients.",Communication: A round that may assess communication skills,"Technical: A round that may include technical interview questions, such as basic DSA questions, coding questions, or ML/data science questions",HR: A round that may be the final round of the interview process,,,,
GND Solutions,"GND Solutions is a technology services and consulting company that specializes in providing IT solutions across various industries. The company offers services such as software development, IT consulting, cloud computing, cybersecurity, and data analytics. GND Solutions focuses on delivering innovative solutions that help businesses optimize their operations, enhance customer experiences, and drive digital transformation. With a commitment to leveraging emerging technologies like artificial intelligence, machine learning, and automation, GND Solutions aims to meet the unique needs of its clients. While specific details about its founding and headquarters may vary, the company is known for its customer-centric approach and expertise in solving complex business challenges.","Interview rounds: The interview process for GND Solutions may include a managerial round, technical round, DevOps engineer round, lead data engineer round, and director of analytics round.","Document submission: After the interview rounds, the candidate may be asked to submit documents.","Feedback: After the documents are submitted, the candidate may be informed that the panel is not providing feedback.","Follow-up: After two weeks of document submission, the candidate may receive a follow-up from the lead talent acquisition partner.",,,
NTT Data,"NTT Data is a global IT service provider and consulting company, founded in 1988 as a subsidiary of the Japanese telecommunications giant NTT (Nippon Telegraph and Telephone Corporation). Headquartered in Tokyo, Japan, NTT Data offers a wide range of services, including IT consulting, cloud computing, digital transformation, application development, and systems integration. The company serves various industries, including banking, healthcare, manufacturing, telecommunications, and public sector organizations. NTT Data is known for its strong focus on innovation, customer-centric solutions, and leveraging emerging technologies such as artificial intelligence, big data, and cybersecurity. With a presence in over 50 countries, NTT Data is recognized as one of the leading IT services providers globally, helping organizations optimize their business operations and navigate the challenges of digital transformation.",Written Aptitude Round: This round includes aptitude questions and technical questions.,Group Discussion: This round may include discussion on current and general topics.,Technical Interview: This round may be a face-to-face interview with one interviewer.,HR Interview: This round may include technical questions and HR questions.,,,
Goldman Sachs,"Goldman Sachs is a leading global investment banking, securities, and investment management firm, founded in 1869 by Marcus Goldman in New York City. The company provides a wide range of financial services, including mergers and acquisitions (M&A) advisory, asset management, securities trading, investment banking, and private equity. Goldman Sachs serves a diverse client base, including corporations, financial institutions, governments, and individuals. Known for its expertise in financial markets, Goldman Sachs is recognized for its strong presence in investment banking and its role in major financial transactions globally. The company is also known for its commitment to innovation in financial services, leveraging advanced technologies like artificial intelligence and machine learning to enhance decision-making and investment strategies. With a global presence, Goldman Sachs continues to be one of the most influential and prestigious firms in the financial industry.",Aptitude test: A round for freshers in engineering roles,HackerRank assessment: An assessment for engineering applicants,Coderpad round: A live coding round where the candidate shares their screen with the interviewer,Telephonic round: A round where the interviewer asks questions about the candidate's course or technologies from their resume,"Technical interview: A face-to-face interview where the interviewer asks questions about the candidate's projects, technologies, training, and internships",Technical + HR interview: A round for engineering roles,
Maventic,"Maventic is an IT consulting and services company that provides digital transformation solutions to businesses across various industries. The company specializes in cloud computing, data analytics, enterprise solutions, and custom software development, helping organizations improve efficiency, enhance customer experiences, and drive innovation. Maventic works with industries such as healthcare, finance, retail, and manufacturing to offer tailored technology solutions that meet specific business needs. With a focus on leveraging emerging technologies like artificial intelligence, automation, and machine learning, Maventic aims to help businesses navigate the evolving digital landscape. Although its specific founding details and global presence may vary, the company is known for its customer-centric approach and its ability to deliver impactful digital solutions.","Technical round: This round may include questions about both frontend and backend, such as how APIs work and writing code for APIs.",Aptitude test round: This round may include basic questions about logical and quantitative topics,"Coding test round: This round may include writing code for a specific task, such as a staircase of coins using an arraylist.",Offline coding written test: This round may be for shortlisted students.,,,
Deloitte,"Deloitte is one of the ""Big Four"" professional services firms, offering a wide range of services including audit, tax, consulting, risk advisory, and financial advisory. Founded in 1845 by William Welch Deloitte in London, the company has grown to become a global leader in professional services. Deloitte operates in over 150 countries, serving clients across industries such as financial services, healthcare, technology, energy, and government. The company is renowned for its expertise in helping businesses with digital transformation, strategy, mergers and acquisitions, and technology consulting, using advanced technologies like artificial intelligence, blockchain, and data analytics. Deloitte also provides cutting-edge solutions for cybersecurity, regulatory compliance, and risk management. The firm is known for its commitment to innovation and a client-centric approach, providing tailored solutions to address complex business challenges.","Online assessment: This is a screening test that includes psychometric tests such as numerical reasoning, verbal reasoning, and situational judgment. The Deloitte online assessment is also known as the Deloitte immersive online assessment.","Interview: The interview process can include a telephonic screening, a face-to-face interview, or a combination of both. The interview can be technical, a panel interview, or a case study interview. The interview may also include a group discussion.","Final interview: This interview is typically with a Director or Partner from the business area you applied to. This interview will discuss your experience and skills, and explore your potential career path at Deloitte.",,,,
Flipkart,"Flipkart is a leading Indian e-commerce company founded in 2007 by Sachin Bansal and Binny Bansal, both former Amazon employees. Headquartered in Bengaluru, India, Flipkart started as an online bookstore and later expanded into a wide range of product categories, including electronics, fashion, home goods, and groceries. Over the years, Flipkart has become one of the largest online retailers in India, offering a comprehensive shopping experience through its website and mobile apps. The company is known for its customer-centric approach, with services like easy returns, secure payment options, and quick delivery. Flipkart was acquired by Walmart in 2018, which has further strengthened its position in the Indian market. Flipkart is a key player in the rapidly growing Indian e-commerce industry and is committed to expanding its reach and improving its technological infrastructure to provide better services to its customers.","Online coding round: This round may be hosted on Hackerrank and includes a few coding questions. The questions may be based on topics like recursion, strings, trees, and graphs.","Technical interview: This round may include algorithmic problems based on data structures like graphs, matrices, and strings.","Machine coding round: In this round, candidates are given a problem and are expected to write a complete working code within a time limit.","Problem solving and data structures round: This round focuses on data structures and algorithms, and may include questions on topics like string manipulation, searching, sorting, and backtracking.",System design round: This round is only for senior positions and involves solving and discussing a design problem.,"HR round: This round may include questions about achievements, moments of pride, and instances of failure.",
Paypal,"PayPal is a global online payment platform founded in December 1998 by Max Levchin, Peter Thiel, and Luke Nosek under the name Confinity, later rebranded to PayPal in 2001. Headquartered in San Jose, California, PayPal enables individuals and businesses to make secure payments and money transfers online. It provides a digital wallet for storing payment methods, facilitating transactions for goods, services, and peer-to-peer transfers. PayPal has become a widely used solution for e-commerce, offering features like fraud protection, international payments, and integration with other financial services. As of today, PayPal operates in over 200 markets globally, supporting various currencies and serving millions of active users worldwide.","Online test: Usually conducted on Hackerrank, this round consists of two questions with 14 test cases each",Technical interview 1: This round lasts for an hour and consists of coding questions,"Technical interview 2: This round also lasts for an hour and consists of questions based on your resume, such as algorithms and data structures",Managerial round: This round lasts for about 45 minutes and consists of a mix of technical and behavioral questions,,,
TATA,"Tata Group is a multinational conglomerate headquartered in Mumbai, India, founded in 1868 by Jamsetji Tata. It operates in various sectors, including steel, automotive, telecommunications, information technology, consumer products, and energy. The group’s flagship companies include Tata Steel, Tata Motors, Tata Consultancy Services (TCS), and Tata Power, among others. Tata Group is known for its ethical business practices, commitment to social responsibility, and contribution to India's industrialization. The company has a significant global presence, with operations in more than 100 countries. Tata Group is recognized for its strong focus on sustainability, innovation, and building long-term value for its stakeholders.","Aptitude test: An online test with multiple choice questions that may include aptitude, logical reasoning, and technical questions","Technical round: A technical interview that may include questions about subnets, ping, and goals",Group discussion: A discussion on a range of topics,Coding test: A test that may ask how a product solved a client's problem,HR round: An interview with HR,Final interview: A face-to-face interaction with senior leaders,
Flextronics,"Flextronics, now known as Flex, is a global electronics manufacturing services (EMS) company founded in 1969 by Joe McKenzie in Silicon Valley, California. The company provides design, engineering, manufacturing, and supply chain solutions to a wide range of industries, including automotive, healthcare, consumer electronics, industrial, and telecommunications. Flex offers end-to-end services, from product concept and design to prototyping, manufacturing, and after-market support. The company is known for its innovation in electronics and advanced manufacturing technologies, such as automation, IoT, and digital transformation. With operations in over 30 countries, Flex is a key player in the global electronics supply chain, helping companies scale their products and achieve operational efficiency.","Aptitude test: This round may include questions on English, basic aptitude, and physics background.",Group discussion: The interviewer may provide a topic and ask each candidate to speak for a few minutes.,Coding test: This round may include questions based on string and prime numbers.,"Technical interview: This round may focus on projects done, area of interest, and technologies like Java, C, and SQL.","HR cum technical round: This round may include questions on projects, Java, and writing a program.",,
Tejas Frameworks,"Tejas Frameworks is a technology company specializing in providing solutions for digital transformation, IT consulting, and custom software development. The company focuses on helping organizations optimize their processes, improve efficiency, and adopt emerging technologies like cloud computing, artificial intelligence, and data analytics. Tejas Frameworks delivers tailored solutions to a wide range of industries, including healthcare, finance, retail, and manufacturing. By leveraging frameworks and tools for rapid application development and systems integration, the company aims to enhance business performance and support its clients in navigating the ever-evolving digital landscape. Though specific founding details may not be widely available, Tejas Frameworks is known for its commitment to innovation and customer satisfaction.","Online Assessment: MCQ-based Quantitative, Verbal, Reasoning, and Coding. The aptitude section had medium-level questions, Computer Science Concepts.",Technical Round 1: Questions ask about Data structure Algorithms and Computer Science Concepts.,Technical Round 2: Questions ask about Data Structures and Algorithms and Computer Science Concepts and Discussion on Projects in which technologies are used in detail.,"HR: Introduction, Discussion on Joining Date, Salary. Why are you interested in this job? What are your strengths? Where do you see yourself in the next 5 years? How do you handle stress, pressure, and anxiety?",,,
Quest,"Quest is a global technology solutions provider specializing in IT management, cybersecurity, data protection, and cloud solutions. Founded in 1987, Quest offers a wide range of software products and services designed to help businesses improve efficiency, security, and compliance. The company's offerings include database management, identity and access management, data backup and recovery, and endpoint security. Quest is known for providing tools that simplify IT operations, enhance productivity, and ensure the protection of critical data. With a strong focus on innovation and customer-centric solutions, Quest serves a variety of industries, including finance, healthcare, government, and technology. It has a global presence and is recognized for helping organizations address complex IT challenges effectively.",Resume shortlisting: The first round is usually a resume-based shortlisting.,"Aptitude test: The second round may include an aptitude test that assesses quantitative ability, verbal ability, logical reasoning, and domain-related topics.",Technical and HR interview: The third round is usually a technical and HR interview.,"Other rounds: Other rounds may include digital and Verilog Intermediate questions, basic core subjects and aptitude, and real-time scenarios and basic programming concepts.",,,
Volvo,"Volvo Group is a multinational manufacturing company founded in 1927 and headquartered in Gothenburg, Sweden. It is primarily known for producing heavy-duty vehicles, including trucks, buses, construction equipment, and marine and industrial engines. Volvo operates in various industries, including transportation, construction, and energy. The company is renowned for its commitment to safety, sustainability, and innovation, having pioneered many safety features in vehicles and focusing on reducing environmental impact through cleaner, energy-efficient technologies. Volvo’s brands include Volvo Trucks, Volvo Buses, Volvo Construction Equipment, and Volvo Penta. The company has a global presence and is recognized for its high-quality products and leadership in the commercial vehicle industry.",Online technical assessment: An online technical assessment may be part of the interview process,Technical: A technical round is a common part of the interview process,One-on-one: A one-on-one interview is a common part of the interview process,HR: An HR round is a common part of the interview process,Manager round: A manager round may be part of the interview process,,
Mallow Technologies Private Limited,"Mallow Technologies Private Limited is an Indian technology company that provides solutions in areas such as software development, IT consulting, digital transformation, and technology-driven business services. The company focuses on helping organizations leverage emerging technologies like cloud computing, data analytics, artificial intelligence, and automation to enhance operational efficiency and business performance. Mallow Technologies offers a range of services including custom software development, application maintenance, and IT infrastructure management. They cater to various industries, helping clients adopt innovative solutions to meet their business needs and stay competitive in the digital age. However, detailed information regarding the company's founding and specific projects may not be readily available.","Aptitude round: This round consists of 25 questions on quantitative aptitude, logical reasoning, and verbal.","Technical round: This round consists of two programming questions that can be written in C, C++, Java, or Python.",HR interview: This round consists of two questions.,,,,
KaarTech,"KaarTech (Kaar Technologies) is an Indian IT services company specializing in providing digital transformation solutions, ERP (Enterprise Resource Planning) consulting, and technology services. Founded in 2000, KaarTech is known for its expertise in implementing SAP solutions for businesses across various industries, including manufacturing, retail, automotive, and logistics. The company offers services such as SAP consulting, cloud solutions, business intelligence, data analytics, and managed services, helping organizations streamline their operations, improve efficiency, and enhance decision-making through innovative technologies. With a global presence and a strong focus on helping enterprises optimize their processes and adopt best practices, KaarTech is recognized for its customer-centric approach and commitment to delivering tailored solutions that drive business growth.","Round 1: An online test that may include multiple-choice questions (MCQs) on topics like Java, logical reasoning, verbal, and quantitative skills. The online test may be 60 minutes long.",Round 2: A group discussion.,Round 3: A technical interview that may include coding and questions about technical subjects.,Round 4: An HR interview.,,,
Revature,"Revature is a technology talent development and consulting company that focuses on training and deploying software engineers for leading companies across various industries. Founded in 2003, Revature specializes in providing large-scale, customized training programs that help individuals, particularly those with little to no prior experience in software development, acquire the skills needed to work in the tech industry. The company offers intensive training in areas such as software engineering, full-stack development, and data analytics, using both instructor-led and self-paced learning models. Revature partners with corporations to help meet their demand for skilled tech professionals by providing them with a pool of trained engineers. Through its innovative model, Revature has helped bridge the skills gap in the technology workforce, delivering a high volume of tech talent for its clients. With a focus on continuous learning and professional development, Revature has established itself as a prominent player in the talent development space for the tech industry.",Online assessment: The first step in the interview process is an online assessment.,"Technical screening: After passing the online assessment, the next step is a technical screening.","Client pre-selection: After the technical screening, the next step is client pre-selection.","Training: After the client pre-selection, the next step is training, which can last up to two months.","Client interview: After the training, the next step is a client interview.",,
Byjus,"Byju's is an Indian edtech company founded in 2011 by Byju Raveendran. It offers a wide range of learning programs and educational content for students from kindergarten to competitive exam preparation. Initially launched as a mobile app for learning, Byju's has expanded to provide personalized, interactive learning experiences through video lessons, quizzes, and adaptive learning paths. The company is known for its innovative approach to education, integrating technology with teaching methods to create engaging and effective learning experiences. Byju's covers subjects like math, science, coding, and even test preparation for exams like JEE, NEET, and UPSC. With a global presence, Byju's has become one of the largest and most successful edtech companies in the world, focusing on making learning accessible, engaging, and fun.","Aptitude test: A round that may include questions based on basics like math, chemistry, and physics.","Group discussion: A round where shortlisted candidates debate a topic of social, national, or global importance. The goal is to assess a candidate's self-assuredness, skill, and foresight.",Technical round: A round where candidates are asked questions about technical subjects.,One-on-one interview: A common round in the interview process.,HR round: A common round in the interview process.,,
Hero,"Hero MotoCorp is an Indian multinational motorcycle and scooter manufacturer, founded in 1984 as Hero Honda through a joint venture between the Hero Group and Honda. The company is headquartered in New Delhi, India, and is one of the largest manufacturers of motorcycles and scooters in the world. In 2011, Hero MotoCorp became an independent entity after Honda exited the joint venture. Hero is known for its affordable, fuel-efficient, and durable vehicles, with popular models such as the Hero Splendor, Hero HF Deluxe, and Hero Passion. The company offers a wide range of two-wheelers catering to different segments, from entry-level motorcycles to premium models. Hero MotoCorp has a strong presence in India and several other countries, and it is recognized for its commitment to innovation, sustainability, and community development. The company is also expanding its focus on electric vehicles, contributing to the global push for sustainable transportation.","Written test: This may include aptitude, core mechanical engineering, English, quantitative, and logical reasoning questions",Group discussion: This round may include a group elimination,"Interview: This round may include a combination of HR and technical questions. HR questions may include why you want to join the company, your future plans, and situation-based questions. Technical questions may be based on your favorite subject or other domains like metrology, material science, ED, and manufacturing processes.",,,,
Genpact,"Genpact is a global professional services firm that provides digital transformation, business process outsourcing (BPO), and technology solutions. Founded in 1997 as a subsidiary of General Electric (GE), it became an independent company in 2005. Headquartered in New York, Genpact operates across various industries including banking, finance, insurance, healthcare, consumer goods, and manufacturing. The company specializes in leveraging technology, artificial intelligence, automation, and analytics to optimize business processes and drive operational efficiency for its clients. Genpact offers a wide range of services including finance and accounting, supply chain management, customer service, and risk management. It is recognized for its expertise in transforming complex business operations, helping organizations enhance their productivity, reduce costs, and improve decision-making. With a global workforce and a strong emphasis on innovation, Genpact is considered a leader in the digital transformation and business services sectors.",Aptitude test: An online test that may be part of the interview process,Group discussion: A round that may be part of the interview process,Ops: The Operations Manager will assess your suitability for the process,Technical or HR interview: The final round of the interview process,,,
DXC,"DXC Technology is a global IT services and consulting company formed in 2017 through the merger of Computer Sciences Corporation (CSC) and the Enterprise Services division of Hewlett Packard Enterprise (HPE). Headquartered in Tysons, Virginia, DXC Technology provides a wide range of technology solutions, including cloud computing, IT infrastructure services, cybersecurity, enterprise resource planning (ERP), and digital transformation services. The company helps organizations navigate the digital landscape by offering services that improve business efficiency, enhance customer experiences, and enable innovation through the use of emerging technologies. DXC serves clients across various industries, including healthcare, financial services, energy, and public sector, and is known for its ability to deliver complex, large-scale IT solutions. The company combines deep industry expertise with cutting-edge technologies like artificial intelligence, automation, and data analytics to support clients in their digital transformation journeys. With a global presence, DXC is recognized as a leader in providing IT solutions and services.","Coding and aptitude round: May include questions about SQL queries, API workaround, and cloud-based architecture",Technical interview: Assesses the candidate's technical knowledge,HR interview: Assesses the candidate's personality and soft skills,,,,
KPMG,"KPMG (Klynveld Peat Marwick Goerdeler) is a global professional services firm providing audit, tax, and advisory services. Founded in 1987, KPMG operates in over 145 countries and is one of the ""Big Four"" accounting firms, alongside Deloitte, PwC, and EY. The firm serves a wide range of industries, including financial services, healthcare, energy, technology, and government. KPMG is known for its expertise in offering solutions related to risk management, regulatory compliance, mergers and acquisitions, and financial advisory. The company combines industry knowledge with advanced technologies to help clients navigate complex challenges and drive sustainable growth.","Online assessment: A pre-screen that focuses on technical skills, logical reasoning, and quantitative aptitude",Technical interview: A round that focuses on your understanding of the roles and industry,"Behavioral interview: A round that focuses on teamwork, problem-solving, and adaptability","Case interview: A round that assesses subject matter expertise, verbal or written communication, pragmatic thinking, general knowledge, and business acumen",Panel interviews: A round of 2-3 in-person interviews with senior managers,HR interview: A round for negotiating salary and joining interval,
